conference_id,Link,Sub,Noti,Cam,Conf,Successfully,Note,Đúng 100%,812,Còn lại,44,Error,111
6639c043647e53b594533c9d,https://sites.google.com/view/sigite2024,y,y,y,y,y,mọi thông tin nằm trên PDF :v,,,,,,
6639c02c647e53b594533c85,https://www.iaria.org/conferences2024/INFOCOMP24.html,y,y,y,y,y,"lấy 2024, có cả 2023 và 2025 nhưng ko lấy",,,,,,
6639c033647e53b594533c8d,https://conferences.sigcomm.org/sigcomm/2024/cfp/,y,y,,y,y,,,,,,,
6639c03c647e53b594533c95,https://sensys.acm.org/2024/cfp/,y,y,,y,y,,,,,,,
6639c048647e53b594533ca3,https://conferences.sigcomm.org/co-next/2024/#!/home,y,y,y,y,y,,,,,,,
6639c075647e53b594533cd5,https://2024.sigmod.org/calls_papers_sigmod_research.shtml,y,y,y,y,y,"4 round: keyword = round + keyword, tổ chức chung với PODS, PODS thì có ngày rõ ràng cái này thì không",,,,,,
6639c079647e53b594533cd9,https://www.sacmat.org/2024/call-for-papers.php,y,y,y,y,y,"có nhiều event trùng keyword, chỉ lấy event của research paper",,,,,,
6639c081647e53b594533ce1,https://www.podc.org/podc2024/call-for-papers/,y,y,y,y,y,,,,,,,
6639c1686e0c3f3fe99c55fd,https://i3dsymposium.org/2024/index.html,y,y,y,y,y,có call for poster nữa nhưng ko lấy,,,,,,
6639c16e6e0c3f3fe99c5603,https://mswimconf.com/2023/,y,y,y,y,y,link cfp: https://mswimconf.com/2023/cfp.htm,,,,,,
6639c1706e0c3f3fe99c5605,https://acm-ieee-sec.org/2024/call_for_papers.php,y,y,y,y,y,,,,,,,
6639c1736e0c3f3fe99c5609,https://www.siam.org/conferences/cm/conference/soda24,y,,,y,y,ko có call for paper,,,,,CallForPaper,
6639c04c647e53b594533ca7,https://iss2024.acm.org/,y,y,,y,y,đang đc update,,,,,Location,
6639c04d647e53b594533ca9,https://kdd2024.kdd.org/research-track-call-for-papers/,y,y,y,y,y,,,,,,CameraReady,
6639c05e647e53b594533cbb,https://www.hpdc.org/2024/calls-cfp.html,y,y,y,y,y,,,,,,,
6639c060647e53b594533cbd,https://iwcmc.net/2024/index.php,y,y,y,y,y,ko rõ cfp,,,,,,
6639c061647e53b594533cbf,https://2024.acmmm.org/regular-papers,y,y,y,y,y,,,,,,,
6639c063647e53b594533cc1,https://s2024.siggraph.org/program/technical-papers/,y,y,,y,y,"có 2 cfp 1 cái conference trong nó, 1 cái thêm chữ Asia",,,,,,
6639c07d647e53b594533cdd,https://www.documentengineering.org/doceng2024,y,y,y,y,y,,,,,,,
6639c03f647e53b594533c99,https://2024.splashcon.org/track/splash-2024-oopsla#Call-for-Papers,y,y,y,y,y,,,,,,,
6639c030647e53b594533c89,https://www.humancomputation.com/,y,y,,y,y,vô group này để lấy cfp nhưng ko rõ là cái nào https://groups.google.com/g/crowd-hcomp,,,,,,
6639c045647e53b594533c9f,https://aceconference2024.github.io/aceconference2024/authors.html,y,y,,y,y,,,,,,,
6639c065647e53b594533cc3,https://computeranimation.org/instructions.html,y,y,y,y,y,,,,,,,
6639c06b647e53b594533cc9,https://sigops.org/s/conferences/sosp/2024/cfp.html,y,y,y,y,y,,,,,,,
6639c06d647e53b594533ccb,https://pldi24.sigplan.org/home/LCTES-2024,y,y,y,y,y,,,,,,,
6639c070647e53b594533ccf,https://sigsim.acm.org/conf/pads/2024/blog/cfp/,y,y,,y,y,,,,,,,
6639c072647e53b594533cd1,https://siguccs.org/Conference/2024/program/call-for-proposals/,y,y,y,y,y,có final paper due chắc ~ cam,,,,,,
6639c084647e53b594533ce5,http://acm-stoc.org/stoc2024/,y,y,y,y,y,có final paper due chắc ~ cam,,,,,,
6639c1626e0c3f3fe99c55f7,https://conferences.sigcomm.org/hotnets/2024/,y,y,y,y,y,,,,,,,
6639c1666e0c3f3fe99c55fb,https://pldi24.sigplan.org/track/pldi-2024-papers#Call-for-Papers,y,y,y,y,y,,,,,,,
6639c1796e0c3f3fe99c560f,http://acivs.org/acivs2023/callforpapers.php,y,y,y,y,y,từ nay về sau ko lấy registration,,,,,,
6639c038647e53b594533c91,https://cscw.acm.org/2024/index.php/submit-papers/,y,,,y,y,date_type dài cần fe test,,,,,,
6639c04a647e53b594533ca5,https://cikm2024.org/,y,y,y,y,y,nhiều call cho nhiều loại paper -> lấy tạm 1 cái full paper,,,,,,
6639c053647e53b594533caf,https://sigir-2024.github.io/,y,y,,y,y,nhiều call cho nhiều loại paper -> lấy tạm 1 cái full paper,,,,,,
6639c055647e53b594533cb1,https://ics2024.github.io/cfp.html,y,y,y,y,y,,,,,,,
6639c059647e53b594533cb5,https://www.wsdm-conference.org/2024/call-for-papers/,y,y,y,y,y,"chứa virtual nhưng là offline ""in-person conference with virtual elements""",,,,,,
6639c05a647e53b594533cb7,https://www.ubicomp.org/ubicomp-iswc-2024/,,,,y,n,"[HELP] tổ chức cùng ISWC, khá nhiều ngày/track và không rõ ràng cái nào là của UbiComp, Chỉ có call for poster and demos và iswc design exhibitions là có conference date, main track có ngày nhưng ko có tên ngày, đọc thì hiểu tất cả là submisstion deadline nhưng là dành cho IMWUT",,,,,,
6639c06e647e53b594533ccd,https://popl24.sigplan.org/home/pepm-2024#Call-for-Papers,y,y,y,y,y,,,,,,,
6639c16c6e0c3f3fe99c5601,https://humanrobotinteraction.org/2024/fullpaper/,y,y,y,,y,"Hybrid ??? , cái này đã diễn ra, phải suy ra conf date từ schedule",,,,,,
6639c02e647e53b594533c87,https://cs-conferences.acadiau.ca/ant-24/#importantDates,y,y,y,y,y,,,,,,,
6639c031647e53b594533c8b,https://acisinternational.org/conferences/sera-2024/,y,y,y,y,y,,,,,,,
6639c03a647e53b594533c93,https://ec24.sigecom.org/,y,y,y,y,y,có Virtual Preview Week nhưng diễn ra trước conference -> offline ?,,,,,,
6639c035647e53b594533c8f,https://www.sigsac.org/ccs/CCS2024/call-for/call-for-papers.html,y,y,,y,y,,,,,,,
6639c069647e53b594533cc7,https://2024.sigmod.org/calls_papers_pods_research.shtml,y,y,,y,y,,,,,,,
6639c073647e53b594533cd3,https://sigcse2024.sigcse.org/,y,y,y,y,y,Final Submissions Due (for accepted work) = December (precise dates to be determined),,,,,,
6639c077647e53b594533cd7,https://group.acm.org/conferences/group25/papers.php,y,y,,y,y,này là 2025,,,,,,
6639c1606e0c3f3fe99c55f5,https://vrst.hosting.acm.org/vrst2024/submitting/,y,y,y,y,y,,,,,,,
6639c1756e0c3f3fe99c560b,https://icpe2024.spec.org/important-dates/,y,y,y,y,y,nhiều track nhưng chỉ lấy research track,,,,,,
6639c03e647e53b594533c97,https://esweek.org/emsoft-call-for-wip-papers/,y,y,y,y,y,,,,,,,
6639c04f647e53b594533cab,https://www.sigmobile.org/mobicom/2024/,y,y,,y,y,,,,,,,
6639c16a6e0c3f3fe99c55ff,,,,,,n,lần gần nhất là 2019: https://event.unitn.it/icdsc2019/,,,,,,
6639c1716e0c3f3fe99c5607,https://middleware-conf.github.io/2024/,y,y,y,y,y,trang call for paper có vẻ dễ cào hơn nhưng bị lặp thông tin với không có conference date,,,,,,
6639c05c647e53b594533cb9,https://www.iscaconf.org/isca2024/submit/papers.php,y,y,,y,y,,,,,,,
6639c083647e53b594533ce3,https://spmconf.github.io/SPM2024/CfP.html,y,y,y,y,y,tự nhiên muốn note còn 1 tháng nữa diễn ra cái này,,,,,,
6639c15e6e0c3f3fe99c55f3,https://uist.acm.org/2024/cfp/,y,y,y,y,y,"chỉ lấy ngày của paper, mấy cái khác như workshop, poster, demo không lấy",,,,,,
6639c1646e0c3f3fe99c55f9,https://popl24.sigplan.org/track/POPL-2024-popl-research-papers#POPL-2024-Call-for-Papers,y,y,y,y,y,,,,,,,
6639c1776e0c3f3fe99c560d,https://aiccsa.net/AICCSA2024/call-for-papers/,y,y,y,y,y,chỉ lấy ngày của main conference,,,,,,
6639c041647e53b594533c9b,https://wisec2024.kaist.ac.kr/call-for-papers/,y,y,y,y,y,conference date != date trên poster,,,,,,
6639c046647e53b594533ca1,https://sigspatial2024.sigspatial.org/cfp/,y,y,y,y,y,,,,,,,
6639c051647e53b594533cad,https://recsys.acm.org/recsys24/,y,y,y,y,y,"có tab important dates riêng nhưng có vẻ khó cào, nên cào trong cfp",,,,"Từ đây đổ đi link là trang chính, phần lớn về trước là link cfp",,
6639c057647e53b594533cb3,https://2024.esec-fse.org/track/fse-2024-research-papers#Call-for-Papers,y,y,y,y,y,"cái này có nhiều ngày có keyword conference (trong important dates) nhưng trong đoạn text chỗ giới thiệu có ""The main conference will be held on 17th - 19th July 2024"", lấy date của research paper",,,,,,
6639c067647e53b594533cc5,https://www.sigmobile.org/mobisys/2024/,y,y,,y,y,,,,,,,
6639c07b647e53b594533cdb,https://www.sigapp.org/sac/sac2024/,y,y,y,y,y,ko thấy cfp,,,,,,
6639c07f647e53b594533cdf,https://www.sigmobile.org/mobihoc/2024/,y,y,,y,y,,,,,,,
6639c17b6e0c3f3fe99c5611,https://avi2024.dibris.unige.it/,y,y,,y,y,thời gian notification ở trong cái ô lastest new,,,,,,
6639c1886e0c3f3fe99c561f,https://www.acsac.org/2024/submissions/papers/,y,y,,y,y,"link tới cfp để lấy ngày của technical paper, date ko có năm",,,,,,
6639c17e6e0c3f3fe99c5615,https://www.cs.cas.cz/aiml2024/,y,y,y,y,y,date ko có năm,,,,,,
6639c19d6e0c3f3fe99c5635,https://www.asplos-conference.org/asplos2024/,y,y,y,y,y,"cái này chứa cả cfp của cái hội nghị 2025, date của nó là 1 cái bảng với 3 cycle",,,,,,
6639c2594931f50e65517e1f,https://caadria2024.org/,y,,,y,y,"ko thấy cfp, abstract date diễn ra sau conference",,,,,,
6639c26b4931f50e65517e31,https://alta2024.alta.asn.au/,,,,y,n,chưa công bố cfp chỉ mới call for problem -> lấy năm 23 hay 24,,,,,,
6639c2784931f50e65517e3f,https://conf.researchr.org/home/ast-2024#Call-for-Papers,y,y,y,y,y,,,,,,,
6639c1916e0c3f3fe99c5629,https://cognitivesciencesociety.org/cogsci-2024/,y,y,y,y,y,"có tháng ko có ngày -> gán = 1, Accepted submissions due in final form = CMR, ko thấy cfp",,,,,,
6639c19c6e0c3f3fe99c5633,https://www.computing-conf.org/,y,y,y,y,y,,,,,,,
6639c19f6e0c3f3fe99c5637,https://ifipaiai.org/2024/,y,y,y,y,y,cái này hybrid greece & web thì ghi location ntn?,,,,,,
6639c1ad6e0c3f3fe99c5645,,,,,,n,"ko tìm đc link, proceeding gần nhất là 2019, có 1 conference khác cùng tên viết tắt nhưng tên khác",,,,,,
6639c1b66e0c3f3fe99c564f,https://conf.researchr.org/track/apsec-2024/apsec-2024-technical-track#Call-for-Papers-Technical-Track,y,y,y,y,y,,,,,,,
6639c2514931f50e65517e17,https://www.acml-conf.org/2024/,y,y,y,y,y,"cái này tổ chức tại VN, chỉ lấy date của conference track",,,,,,
6639c25d4931f50e65517e23,https://46acc.github.io/,y,,,y,y,"location chỉ có tên trường ĐH, ko cfp","T đổi tên với tên viết tắt cái conference này luôn do tên trên core là tên cũ, nếu muốn tìm lại thì tên cũ là ACCMCC",,,,,
6639c1856e0c3f3fe99c561b,https://wadscccg2023.encs.concordia.ca/,y,y,,y,y,"mới nhất là 2023, tổ chức chung với 1 conf khác, ko có cfp",,,,,,
6639c17c6e0c3f3fe99c5613,https://crypto.iacr.org/2024/,y,y,y,y,y,"hình như core dùng tên cũ của cái này ~ 2012, cmr chỉ có trong cfp nhưng khác chỗ cái khung important date",,,,,,
6639c1866e0c3f3fe99c561d,https://amia.org/education-events/amia-2024-annual-symposium,,,,y,y,ko có cfp và những ngày liên quan paper,,,,,,
6639c18c6e0c3f3fe99c5623,https://iticse.acm.org/2024/,y,y,,y,y,chỉ lấy ngày paper,,,,,,
6639c1976e0c3f3fe99c562f,https://ivapp.scitevents.org/,y,y,y,y,y,"lấy 2025 vì 2024 có link nhưng ko rõ thông tin, địa điểm phải lấy từ ảnh, venue trong cfp ghi là Available soon nên tạm để như trong cfp luôn",,,,,,
6639c1a16e0c3f3fe99c5639,https://aime24.aimedicine.info/,y,y,y,y,y,"địa điểm có ""USA"" phải lấy từ ảnh",,,,,,
6639c26d4931f50e65517e33,https://assta.org/sst-2024/,y,y,,y,y,,,,,,,
6639c1816e0c3f3fe99c5617,https://neurips.cc/Conferences/2024,y,y,y,y,y,,,,,,,
6639c18f6e0c3f3fe99c5627,https://ispr.info/presence-conferences/previous-conferences/,,,,,n,lần cuối là 2020,,,,,,
6639c19a6e0c3f3fe99c5631,https://nldb2024.di.unito.it/,y,y,y,y,y,,,,,,,
6639c1ae6e0c3f3fe99c5647,https://www.apbjc.asia/,y,y,,y,y,"2024, cái này tổ chức với mấy conf khác -> conf mới, link kia là link cái mới, trong cfp có thêm 1 khoảng nhận abstract trễ mà trong important date ko có",,,,,,
6639c1b06e0c3f3fe99c5649,,,,,,n,ko thấy link,,,,,,
6639c27b4931f50e65517e43,https://bcshci.org/,y,,,y,y,,,,,,,
6639c27d4931f50e65517e45,https://bmvc2024.org/,y,y,y,y,y,,,,,,,
6639c2814931f50e65517e49,https://ctw2023.comtessa.org/,y,y,,y,y,2023,,,,,,
6639c18a6e0c3f3fe99c5621,https://csl2025.github.io/,y,y,y,y,y,2025 vì 2024 bị xóa important date ,,,,,,
6639c18d6e0c3f3fe99c5625,https://pstnet.ca/pst2024/,y,y,y,y,y,,,,,,,
6639c1a66e0c3f3fe99c563f,https://asiaccs2024.sutd.edu.sg/,y,y,y,y,y,,,,,,,
6639c1aa6e0c3f3fe99c5643,https://apcc2024.org/,y,y,y,y,y,"important date ngoài homepage là ảnh, vô cfp cào date thì Final Manuscript Deadline bị sai năm",,,,,,
6639c25b4931f50e65517e21,https://aceconference2024.github.io/aceconference2024/index.html,y,y,,y,y,,,,,,,
6639c2704931f50e65517e37,http://www.ozchi.org/2024/,y,y,,y,y,nhiều loại submission,,,,,,
6639c27a4931f50e65517e41,https://bsn.embs.org/2024/,y,y,y,y,y,,,,,,,
6639c1956e0c3f3fe99c562d,,,,,,n,lần cuối có vẻ là 2019 wikicfp,,,,,,
6639c1b46e0c3f3fe99c564d,,,,,,n,lần cuối có vẻ là 2016 wikicfp,,,,,,
6639c1b76e0c3f3fe99c5651,https://accv2024.org/,y,y,y,y,y,"VN, ko thấy call for paper",,,,,,
6639c1ba6e0c3f3fe99c5653,https://aciids.pwr.edu.pl/2024/,y,y,y,y,y,ko thấy cfp,,,,,,
6639c2534931f50e65517e19,https://conf.researchr.org/home/aplas-2024#Call-for-Submissions,y,y,y,y,y,,,,,,,
6639c2554931f50e65517e1b,https://www.asilomarsscconf.org/,y,,,y,y,vô link này lấy date có khi dễ hơn https://signalprocessingsociety.org/blog/acssc-2024-2024-asilomar-conference-signals-systems-and-computers,,,,,,
6639c25f4931f50e65517e25,https://www.acisp24.com/,y,y,y,y,y,,,,,,,
6639c2634931f50e65517e29,https://adc-conference.github.io/2024/,y,y,y,y,y,thay cfp bằng research track,,,,,,
6639c2664931f50e65517e2d,https://sites.google.com/view/aisc2024/home,,,,y,y,cái này là 1 phần của cái ở dòng 108,,,,,,
6639c2764931f50e65517e3d,https://conf.researchr.org/track/ase-2024/ase-2024-research,y,y,y,y,y,,,,,,,
6639c2894931f50e65517e51,https://i-cav.org/2024/,y,y,y,y,y,,,,,,,
6639c1836e0c3f3fe99c5619,http://algorithmiclearningtheory.org/alt2024/,y,y,,y,y,,,,,,,
6639c1936e0c3f3fe99c562b,https://2024.sigdial.org/,y,y,y,y,y,,,,,,,
6639c1a36e0c3f3fe99c563b,https://artsit.eai-conferences.org/2024/,,,,,n,ko load dc,,,,,,
6639c2654931f50e65517e2b,http://adcs-conference.org/,,,,,n,max 2022,,,,,,
6639c2684931f50e65517e2f,https://ajcai2024.org/index.html,y,y,y,y,y,,,,,,,
6639c2724931f50e65517e39,https://ausdm24.ausdm.org/index.html,y,y,y,y,y,,,,,,,
6639c2744931f50e65517e3b,https://auscomputerethics.com/,,,,,n,lần gần nhất 2020,,,,,,
6639c27f4931f50e65517e47,https://chiplay.acm.org/2024/,y,y,,y,y,,,,,,,
6639c2834931f50e65517e4b,https://cpm2024.github.io/,y,y,,y,y,,,,,,,
6639c1a56e0c3f3fe99c563d,https://www.aspdac.com/aspdac2024/welcome/index.html,y,y,y,y,y,,,,,,,
6639c1a86e0c3f3fe99c5641,https://airs2019.ouhk.edu.hk/,,,,,n,max 2019,,,,,,
6639c1b26e0c3f3fe99c564b,https://apnoms.org/2023/,y,y,y,y,y,2023,,,,,,
6639c2574931f50e65517e1d,https://2024.aclweb.org/,y,y,y,y,y,,,,,,,
6639c2614931f50e65517e27,https://www.araa.asn.au/conference/acra-2023/,y,y,y,y,y,2023,,,,,,
6639c26f4931f50e65517e35,https://sites.google.com/monash.edu/auspdc2024,y,y,y,y,y,,,,,,,
6639c2854931f50e65517e4d,https://events.illc.uva.nl/CiE/CiE2024/Main/,y,y,y,y,y,ko rõ cfp,,,,,,
6639c2874931f50e65517e4f,http://cisisconference.eu/,y,y,y,y,y,cfp hơi dị,,,,,,
6639c28d4931f50e65517e55,,,,,,n,k co link,,,,,,
6639c2984931f50e65517e5f,,,,,,y,,,,,,,
6639c2934931f50e65517e5b,,,,,,,ảo ma,,,,,,
6639c2914931f50e65517e59,,,,,,y,,,,,,,
6639c2a04931f50e65517e67,,,,,,y,k thay location,,,,,,
6639c39ebf0a76d1ef717bc1,,,,,,y,,,,,,,
6639c3b5bf0a76d1ef717bd9,,,,,,y,,,,,,,
6639c3bdbf0a76d1ef717be1,,,,,,y,,,,,,,
6639c3c8bf0a76d1ef717bed,,,,,,y,,,,,,,
6639c29a4931f50e65517e61,,,,,,y,,,,,,,
6639c389bf0a76d1ef717bab,,,,,,y,,,,,,,
6639c29e4931f50e65517e65,,,,,,y,,,,,,,
6639c380bf0a76d1ef717ba1,,,,,,y,,,,,,,
6639c382bf0a76d1ef717ba3,,,,,,y,,,,,,,
6639c387bf0a76d1ef717ba9,,,,,,y,,,,,,,
6639c391bf0a76d1ef717bb3,,,,,,y,,,,,,,
6639c395bf0a76d1ef717bb7,,,,,,y,,,,,,,
6639c3acbf0a76d1ef717bcf,,,,,,y,,,,,,,
6639c3b3bf0a76d1ef717bd7,,,,,,y,,,,,,,
6639c3bbbf0a76d1ef717bdf,,,,,,y,,,,,,,
6639c3c4bf0a76d1ef717be9,,,,,,y,,,,,,,
6639c3cdbf0a76d1ef717bf3,,,,,,y,,,,,,,
6639c2964931f50e65517e5d,,,,,,y,,,,,,,
6639c38dbf0a76d1ef717baf,,,,,,y,,,,,,,
6639c393bf0a76d1ef717bb5,,,,,,y,,,,,,,
6639c3c2bf0a76d1ef717be7,,,,,,y,,,,,,,
6639c3d1bf0a76d1ef717bf7,,,,,,y,,,,,,,
6639c384bf0a76d1ef717ba5,,,,,,y,,,,,,,
6639c38fbf0a76d1ef717bb1,,,,,,y,"k co location, cfp bi xoa",,,,,,
6639c399bf0a76d1ef717bbb,,,,,,y,,,,,,,
6639c3a2bf0a76d1ef717bc5,,,,,,y,,,,,,,
6639c3a7bf0a76d1ef717bc9,,,,,,n,link die,,,,,,
6639c3b2bf0a76d1ef717bd5,,,,,,y,,,,,,,
6639c3c0bf0a76d1ef717be5,,,,,,y,,,,,,,
6639c3c6bf0a76d1ef717beb,,,,,,y,,,,,,,
6639c482078f0b3454c91b7e,https://www.eurovis.org/,,,,,n,link die,,,,,,
6639c484078f0b3454c91b80,,,,,,y,,,,,,,
6639c37bbf0a76d1ef717b9d,,,,,,y,,,,,,,
6639c38bbf0a76d1ef717bad,,,,,,y,,,,,,,
6639c397bf0a76d1ef717bb9,,,,,,y,,,,,,,
6639c39cbf0a76d1ef717bbf,,,,,,y,,,,,,,
6639c39fbf0a76d1ef717bc3,,,,,,y,,,,,,,
6639c3abbf0a76d1ef717bcd,,,,,,y,,,,,,,
6639c3aebf0a76d1ef717bd1,https://datacompressionconference.org/,,,,,n,k load dc,,,,,,
6639c3b9bf0a76d1ef717bdd,,,,,,y,,,,,,,
6639c3cfbf0a76d1ef717bf5,https://eatis.org/eatis2024/index.html,y,y,y,y,y,link cfp: https://eatis.org/eatis2024/call.pdf,,,,,,
6639c3d6bf0a76d1ef717bfb,https://www.egpgv.org/2023/,,,,,n,link die,,,,,,
6639c48b078f0b3454c91b86,,,,,,y,,,,,,,
6639c28b4931f50e65517e53,,,,,,y,,,,,,,
6639c28f4931f50e65517e57,,,,,,y,,,,,,,
6639c37ebf0a76d1ef717b9f,,,,,,y,,,,,,,
6639c386bf0a76d1ef717ba7,,,,,,y,,,,,,,
6639c3b0bf0a76d1ef717bd3,,,,,,y,,,,,,,
6639c3b7bf0a76d1ef717bdb,,,,,,y,,,,,,,
6639c3bfbf0a76d1ef717be3,,,,,,y,,,,,,,
6639c3cabf0a76d1ef717bef,,,,,,y,,,,,,,
6639c3cbbf0a76d1ef717bf1,,,,,,y,,,,,,,
6639c3d3bf0a76d1ef717bf9,,,,,,y,,,,,,,
6639c487078f0b3454c91b82,,,,,,y,,,,,,,
6639c489078f0b3454c91b84,,,,,,y,,,,,,,
6639c29c4931f50e65517e63,,,,,,y,,,,,,,
6639c39abf0a76d1ef717bbd,,,,,,y,,,,,,,
6639c3a5bf0a76d1ef717bc7,,,,,,y,,,,,,,
6639c3a9bf0a76d1ef717bcb,,,,,,y,,,,,,,
6639c497078f0b3454c91b92,,,,,,y,,,,,,,
6639c4b8078f0b3454c91bb0,,,,,,y,,,,,,,
6639c491078f0b3454c91b8c,,,,,,y,,,,,,,
6639c4bc078f0b3454c91bb4,,,,,,y,,,,,,,
6639c4c3078f0b3454c91bba,,,,,,y,,,,,,,
6639c4d0078f0b3454c91bc8,,,,,,y,,,,,,,
6639c4e6078f0b3454c91bd8,,,,,,y,,,,,,,
6639c4f8078f0b3454c91be6,,,,,,y,,,,,,,
6639c50f078f0b3454c91bfc,,,,,,y,,,,,,,
6639c513078f0b3454c91c00,,,,,,y,,,,,,,
6639c51d078f0b3454c91c08,,,,,,y,,,,,,,
6639c539078f0b3454c91c24,,,,,,y,,,,,,,
6639c540078f0b3454c91c2a,,,,,,y,,,,,,,
6639c542078f0b3454c91c2c,,,,,,y,,,,,,,
6639c69c4c771c093141cb90,,,,,,y,,,,,,,
6639c6b14c771c093141cba4,,,,,,y,,,,,,,
6639c49e078f0b3454c91b98,,,,,,y,,,,,,,
6639c4a8078f0b3454c91ba0,,,,,,y,,,,,,,
6639c4be078f0b3454c91bb6,,,,,,y,,,,,,,
6639c4c0078f0b3454c91bb8,,,,,,y,,,,,,,
6639c4d6078f0b3454c91bcc,,,,,,y,,,,,,,
6639c4dc078f0b3454c91bd0,,,,,,y,,,,,,,
6639c4e0078f0b3454c91bd4,,,,,,y,,,,,,,
6639c4fe078f0b3454c91bec,,,,,,y,,,,,,,
6639c518078f0b3454c91c04,,,,,,y,,,,,,,
6639c51f078f0b3454c91c0a,,,,,,y,,,,,,,
6639c525078f0b3454c91c10,,,,,,y,,,,,,,
6639c554078f0b3454c91c3c,,,,,,y,,,,,,,
6639c556078f0b3454c91c3e,,,,,,y,,,,,,,
6639c67e4c771c093141cb74,,,,,,y,,,,,,,
6639c6aa4c771c093141cb9e,,,,,,y,,,,,,,
6639c6b84c771c093141cbac,,,,,,y,,,,,,,
6639c4cc078f0b3454c91bc4,,,,,,y,,,,,,,
6639c4e3078f0b3454c91bd6,,,,,,y,lấy 2025,,,,,,
6639c500078f0b3454c91bee,,,,,,y,,,,,,,
6639c503078f0b3454c91bf0,,,,,,y,,,,,,,
6639c51b078f0b3454c91c06,,,,,,y,,,,,,,
6639c521078f0b3454c91c0c,,,,,,y,,,,,,,
6639c529078f0b3454c91c14,,,,,,n,file pdf,,,,,,
6639c52d078f0b3454c91c18,,,,,,y,,,,,,,
6639c53b078f0b3454c91c26,,,,,,y,,,,,,,
6639c54b078f0b3454c91c34,,,,,,n,không có,,,,,,
6639c54d078f0b3454c91c36,,,,,,y,,,,,,,
6639c6934c771c093141cb88,,,,,,n,,,,,,,
6639c6954c771c093141cb8a,,,,,,y,,,,,,,
6639c69a4c771c093141cb8e,,,,,,y,,,,,,,
6639c69e4c771c093141cb92,,,,,,y,,,,,,,
6639c4ac078f0b3454c91ba4,,,,,,y,,,,,,,
6639c48d078f0b3454c91b88,,,,,,y,,,,,,,
6639c4b6078f0b3454c91bae,,,,,,y,,,,,,,
6639c4ba078f0b3454c91bb2,,,,,,y,,,,,,,
6639c4c4078f0b3454c91bbc,,,,,,y,,,,,,,
6639c4c6078f0b3454c91bbe,,,,,,y,,,,,,,
6639c4d9078f0b3454c91bce,,,,,,n,k có link,,,,,,
6639c4de078f0b3454c91bd2,,,,,,y,,,,,,,
6639c4f6078f0b3454c91be4,,,,,,y,,,,,,,
6639c4fa078f0b3454c91be8,,,,,,y,,,,,,,
6639c505078f0b3454c91bf2,,,,,,y,chưa có cfp,,,,,,
6639c50d078f0b3454c91bfa,,,,,,y,,,,,,,
6639c53e078f0b3454c91c28,,,,,,y,,,,,,,
6639c558078f0b3454c91c40,,,,,,y,,,,,,,
6639c6734c771c093141cb6a,,,,,,y,chưa có cfp,,,,,,
6639c67a4c771c093141cb70,,,,,,y,,,,,,,
6639c67c4c771c093141cb72,,,,,,y,,,,,,,
6639c6834c771c093141cb78,,,,,,y,chưa có cfp,,,,,,
6639c6874c771c093141cb7c,,,,,,n,k có link,,,,,,
6639c68b4c771c093141cb80,,,,,,n,k có link,,,,,,
6639c68e4c771c093141cb84,,,,,,y,,,,,,,
6639c6a24c771c093141cb96,,,,,,y,chưa có cfp,,,,,,
6639c6a44c771c093141cb98,,,,,,y,,,,,,,
6639c6ac4c771c093141cba0,,,,,,y,,,,,,,
6639c6b24c771c093141cba6,,,,,,y,chưa có cfp,,,,,,
6639c48f078f0b3454c91b8a,,,,,,n,k có link,,,,,,
6639c499078f0b3454c91b94,,,,,,y,,,,,,,
6639c49c078f0b3454c91b96,,,,,,n,k có link,,,,,,
6639c4a2078f0b3454c91b9c,,,,,,y,,,,,,,
6639c4b0078f0b3454c91ba8,,,,,,y,,,,,,,
6639c4c9078f0b3454c91bc0,,,,,,n,k có link,,,,,,
6639c4cb078f0b3454c91bc2,,,,,,n,,,,,,,
6639c4cf078f0b3454c91bc6,,,,,,n,link dead,,,,,,
6639c4ee078f0b3454c91bde,,,,,,y,chưa có cfp,,,,,,
6639c507078f0b3454c91bf4,,,,,,y,,,,,,,
6639c511078f0b3454c91bfe,,,,,,y,chưa có cfp,,,,,,
6639c52f078f0b3454c91c1a,,,,,,y,,,,,,,
6639c533078f0b3454c91c1e,,,,,,y,,,,,,,
6639c537078f0b3454c91c22,,,,,,y,,,,,,,
6639c544078f0b3454c91c2e,,,,,,y,,,,,,,
6639c547078f0b3454c91c30,,,,,,y,,,,,,,
6639c54f078f0b3454c91c38,,,,,,y,,,,,,,
6639c6784c771c093141cb6e,,,,,,y,,,,,,,
6639c6a64c771c093141cb9a,,,,,,y,,,,,,,
6639c4b2078f0b3454c91baa,,,,,,y,,,,,,,
6639c4b4078f0b3454c91bac,,,,,,y,,,,,,,
6639c4ec078f0b3454c91bdc,,,,,,n,chưa thể xác định date,,,,,,
6639c515078f0b3454c91c02,,,,,,y,,,,,,,
6639c552078f0b3454c91c3a,,,,,,y,,,,,,,
6639c6804c771c093141cb76,,,,,,y,chưa có cfp,,,,,,
6639c6854c771c093141cb7a,,,,,,n,link dead,,,,,,
6639c68c4c771c093141cb82,,,,,,y,,,,,,,
6639c6b44c771c093141cba8,,,,,,y,,,,,,,
6639c4a0078f0b3454c91b9a,,,,,,y,2 sub date đều gạch,,,,,,
6639c493078f0b3454c91b8e,,,,,,y,,,,,,,
6639c4a5078f0b3454c91b9e,,,,,,y,chưa có cfp,,,,,,
6639c4ae078f0b3454c91ba6,,,,,,y,chưa có cfp,,,,,,
6639c4ea078f0b3454c91bda,,,,,,y,chưa có cfp,,,,,,
6639c4fc078f0b3454c91bea,,,,,,y,,,,,,,
6639c523078f0b3454c91c0e,,,,,,y,,,,,,,
6639c527078f0b3454c91c12,,,,,,y,chưa có cfp,,,,,,
6639c52b078f0b3454c91c16,,,,,,y,,,,,,,
6639c535078f0b3454c91c20,,,,,,y,chưa có cfp,,,,,,
6639c6914c771c093141cb86,,,,,,y,,,,,,,
6639c6a04c771c093141cb94,,,,,,y,chưa có cfp,,,,,,
6639c6b64c771c093141cbaa,,,,,,y,chưa có cfp,,,,,,
6639c495078f0b3454c91b90,,,,,,y,,,,,,,
6639c4aa078f0b3454c91ba2,,,,,,y,,,,,,,
6639c4d3078f0b3454c91bca,,,,,,y,,,,,,,
6639c4f1078f0b3454c91be0,,,,,,y,,,,,,,
6639c4f4078f0b3454c91be2,,,,,,y,chưa có cfp,,,,,,
6639c509078f0b3454c91bf6,,,,,,y,có link location riêng ,,,,,,
6639c50b078f0b3454c91bf8,,,,,,n,load chưa đc,,,,,,
6639c531078f0b3454c91c1c,,,,,,y,,,,,,,
6639c549078f0b3454c91c32,,,,,,y,,,,,,,
6639c55a078f0b3454c91c42,,,,,,n,không tìm thấy link,,,,,,
6639c6764c771c093141cb6c,,,,,,y,,,,,,,
6639c6884c771c093141cb7e,,,,,,y,,,,,,,
6639c6974c771c093141cb8c,,,,,,y,,,,,,,
6639c6a84c771c093141cb9c,,,,,,y,chưa có cfp,từ đây không lấy cfp nữa ,,,,,
6639c6ae4c771c093141cba2,,,,,,y,,,,,,,
6639c6ba4c771c093141cbae,,,,,,y,,,,,,,
6639c6cd4c771c093141cbc0,,,,,,y,,,,,,,
6639c6c84c771c093141cbbc,,,,,,n,không tìm thấy link,,,,,,
6639c6cb4c771c093141cbbe,,,,,,y,,,,,,,
6639c6be4c771c093141cbb2,,,,,,y,,,,,,,
6639c7064c771c093141cbf6,,,,,,y,,,,,,,
6639c7104c771c093141cbfe,,,,,,y,,,,,,,
6639c71a4c771c093141cc08,,,,,,y,,,,,,,
6639c71f4c771c093141cc0c,,,,,,y,,,,,,,
6639c73a4c771c093141cc26,,,,,,y,chưa có location (location trong hình ảnh),,,,,,
6639ceb5c521b3f2ad61146b,,,,,,y,chưa có location (location trong hình ảnh) và không lấy abstract,,,,,,
6639ceb8c521b3f2ad61146d,,,,,,y,,,,,,,
6639cebcc521b3f2ad611471,,,,,,y,link cfp là pdf,,,,,,
6639cecec521b3f2ad611481,,,,,,y,,,,,,,
6639ced0c521b3f2ad611483,,,,,,y,,,,,,,
6639cedfc521b3f2ad611491,,,,,,y,,,,,,,
6639cee5c521b3f2ad611497,,,,,,y,,,,,,,
6639cef6c521b3f2ad6114a5,,,,,,y,,,,,,,
6639cf0fc521b3f2ad6114bb,,,,,,y,,,,,,,
6639cf1bc521b3f2ad6114c5,,,,,,y,,,,,,,
6639cf1fc521b3f2ad6114c9,,,,,,n,không tìm thấy link,,,,,,
6639cf3fc521b3f2ad6114e5,,,,,,y,,,,,,,
6639cf52c521b3f2ad6114f7,,,,,,y,chưa có location,,,,,,
6639cf56c521b3f2ad6114fb,,,,,,y,,,,,,,
6639cf58c521b3f2ad6114fd,,,,,,n,search k ra link,,,,,,
6639d0082aa97d8b88806025,,,,,,y,,,,,,,
6639c6d94c771c093141cbca,,,,,,y,,,,,,,
6639c6df4c771c093141cbd0,,,,,,y,,,,,,,
6639c7124c771c093141cc00,,,,,,y,,,,,,,
6639c7184c771c093141cc06,,,,,,y,,,,,,,
6639c7234c771c093141cc10,,,,,,y,,,,,,,
6639c72d4c771c093141cc1a,,,,,,y,,,,,,,
6639c7364c771c093141cc22,,,,,,y,,,,,,,
6639ceb3c521b3f2ad611469,,,,,,y,,,,,,,
6639ceedc521b3f2ad61149d,,,,,,y,,,,,,,
6639cf17c521b3f2ad6114c1,,,,,,y,,,,,,,
6639cf1dc521b3f2ad6114c7,,,,,,y,,,,,,,
6639cf45c521b3f2ad6114eb,,,,,,y,,,,,,,
6639cf6bc521b3f2ad61150f,,,,,,n,search k ra link,,,,,,
6639cf6dc521b3f2ad611511,,,,,,y,,,,,,,
6639cffb2aa97d8b88806019,,,,,,n,đã sang 2025,,,,,,
6639d00a2aa97d8b88806027,,,,,,n,link dead,,,,,,
6639d0162aa97d8b88806033,,,,,,y,location trong hình,"check nguồn trang chưa, nhiều khi trong đó lại có",,,,,
6639d01a2aa97d8b88806037,,,,,,y,,,,,,,
6639c6d44c771c093141cbc6,,,,,,y,,,,,,,
6639c6e44c771c093141cbd4,,,,,,y,,,,,,,
6639c6ec4c771c093141cbdc,,,,,,y,,,,,,,
6639c6f84c771c093141cbe8,,,,,,,,,,,,,
6639c7294c771c093141cc16,,,,,,chiều nay,,,,,,,
6639c72b4c771c093141cc18,,,,,,y,,,,,,,
6639c7434c771c093141cc2e,,,,,,n,"Tìm được link có tên vết tắt, nhưng title khác",,,,,,
6639cebec521b3f2ad611473,,,,,,y,Location lấy từ DPLP,,,,,,
6639cec1c521b3f2ad611475,,,,,,n,Link 2023 die rồi,,,,,,
6639cee1c521b3f2ad611493,,,,,,y,,,,,,,
6639cee8c521b3f2ad611499,,,,,,y,Chưa có cfp,,,,,,
6639cef1c521b3f2ad6114a1,,,,,,y,,,,,,,
6639ceffc521b3f2ad6114ad,,,,,,n,Có link nhưng không load được,,,,,,
6639cf01c521b3f2ad6114af,Khôi làm,,,,,y,,,,,,,
6639cf26c521b3f2ad6114cf,,,,,,n,Không tìm thấy link,,,,,,
6639cf34c521b3f2ad6114db,,,,,,y,,,,,,,
6639cf41c521b3f2ad6114e7,,,,,,y,,,,,,,
6639cf4cc521b3f2ad6114f1,,,,,,y,,,,,,,
6639cf5cc521b3f2ad611501,,,,,,y,,,,,,,
6639cf73c521b3f2ad611517,,,,,,y,,,,,,,
6639cf75c521b3f2ad611519,,,,,,y,,,,,,,
6639cf79c521b3f2ad61151d,,,,,,y,,,,,,,
6639cf7dc521b3f2ad611521,,,,,,y,,,,,,,
6639d0182aa97d8b88806035,,,,,,y,,,,,,,
6639d0232aa97d8b8880603f,,,,,,y,,,,,,,
6639c6d04c771c093141cbc2,,,,,,y,,,,,,,
6639c6d24c771c093141cbc4,,,,,,y,,,,,,,
6639c6db4c771c093141cbcc,,,,,,y,,,,,,,
6639c6e64c771c093141cbd6,,,,,,y,,,,,,,
6639c6f24c771c093141cbe2,,,,,,n,Không tìm thấy link,,,,,,
6639c7014c771c093141cbf2,,,,,,y,,,,,,,
6639c7164c771c093141cc04,,,,,,y,,,,,,,
6639c71c4c771c093141cc0a,,,,,,y,,,,,,,
6639c7254c771c093141cc12,,,,,,,,,,,,,
6639c7274c771c093141cc14,,,,,,,,,,,,,
6639c72f4c771c093141cc1c,,,,,,,,,,,,,
6639c7404c771c093141cc2c,,,,,,,,,,,,,
6639ceaec521b3f2ad611465,,,,,,,,,,,,,
6639cebac521b3f2ad61146f,,,,,,,,,,,,,
6639ced9c521b3f2ad61148b,,,,,,,,,,,,,
6639cf0ac521b3f2ad6114b7,,,,,,,,,,,,,
6639cf11c521b3f2ad6114bd,,,,,,,,,,,,,
6639cf14c521b3f2ad6114bf,,,,,,,,,,,,,
6639cf2ec521b3f2ad6114d5,,,,,,,,,,,,,
6639cf43c521b3f2ad6114e9,,,,,,,,,,,,,
6639cf60c521b3f2ad611505,,,,,,,,,,,,,
6639cf62c521b3f2ad611507,,,,,,,,,,,,,
6639cf6fc521b3f2ad611513,,,,,,,,,,,,,
6639cf7fc521b3f2ad611523,,,,,,,,,,,,,
6639cff92aa97d8b88806017,,,,,,,,,,,,,
6639d0252aa97d8b88806041,,,,,,,,,,,,,
6639c6d74c771c093141cbc8,,,,,,,,,,,,,
6639c6c64c771c093141cbba,,,,,,,,,,,,,
6639c6c24c771c093141cbb6,,,,,,,,,,,,,
6639c6ea4c771c093141cbda,,,,,,,,,,,,,
6639c6f64c771c093141cbe6,,,,,,,,,,,,,
6639c6fe4c771c093141cbee,,,,,,,,,,,,,
6639c7044c771c093141cbf4,,,,,,,,,,,,,
6639c7214c771c093141cc0e,,,,,,,,,,,,,
6639c7324c771c093141cc1e,,,,,,,,,,,,,
6639cec8c521b3f2ad61147b,,,,,,,,,,,,,
6639cedbc521b3f2ad61148d,,,,,,n,k co link,,,,,,
6639ceddc521b3f2ad61148f,,,,,,,,,,,,,
6639ceeac521b3f2ad61149b,,,,,,,,,,,,,
6639cef3c521b3f2ad6114a3,,,,,,,,,,,,,
6639cf03c521b3f2ad6114b1,,,,,,,,,,,,,
6639cf05c521b3f2ad6114b3,,,,,,,,,,,,,
6639cf08c521b3f2ad6114b5,leave this to me,,,,,,,,,,,,
6639cf22c521b3f2ad6114cb,,,,,,,,,,,,,
6639cf37c521b3f2ad6114dd,,,,,,,,,,,,,
6639cf38c521b3f2ad6114df,,,,,,,,,,,,,
6639cf3ac521b3f2ad6114e1,,,,,,,,,,,,,
6639cf3cc521b3f2ad6114e3,,,,,,,,,,,,,
6639cf4ec521b3f2ad6114f3,,,,,,,,,,,,,
6639cf50c521b3f2ad6114f5,,,,,,,,,,,,,
6639cf54c521b3f2ad6114f9,,,,,,,,,,,,,
6639cf84c521b3f2ad611527,,,,,,y,,,,,,,
6639d0052aa97d8b88806023,,,,,,y,,,,,,,
6639d0122aa97d8b8880602f,,,,,,y,,,,,,,
6639d01e2aa97d8b8880603b,,,,,,y,,,,,,,
6639d0292aa97d8b88806045,,,,,,y,,,,,,,
6639d02b2aa97d8b88806047,,,,,,y,,,,,,,
6639c6dd4c771c093141cbce,,,,,,y,,,,,,,
6639c6e14c771c093141cbd2,,,,,,y,,,,,,,
6639c6ee4c771c093141cbde,,,,,,y,,,,,,,
6639c6fc4c771c093141cbec,,,,,,n,k co link,,,,,,
6639c7004c771c093141cbf0,,,,,,n,k co link,,,,,,
6639c70a4c771c093141cbfa,,,,,,y,,,,,,,
6639c70d4c771c093141cbfc,,,,,,y,,,,,,,
6639ceb1c521b3f2ad611467,,,,,,y,,,,,,,
6639cec4c521b3f2ad611477,,,,,,y,,,,,,,
6639ced4c521b3f2ad611487,,,,,,n,k co link,,,,,,
6639cee3c521b3f2ad611495,,,,,,y,,,,,,,
6639ceefc521b3f2ad61149f,,,,,,y,Luật dates đặt biệt,,,,,,
6639cef8c521b3f2ad6114a7,http://current.ieconference.org/,,,,,n,2023 bi canceled,,,,,,
6639cf0dc521b3f2ad6114b9,,,,,,y,,,,,,,
6639cf19c521b3f2ad6114c3,,,,,,y,,,,,,,
6639cf24c521b3f2ad6114cd,,,,,,n,k co link,,,,,,
6639cf2cc521b3f2ad6114d3,,,,,,y,,,,,,,
6639cf32c521b3f2ad6114d9,,,,,,y,,,,,,,
6639cf4ac521b3f2ad6114ef,,,,,,y,,,,,,,
6639cf5ac521b3f2ad6114ff,,,,,,y,,,,,,,
6639cf5ec521b3f2ad611503,,,,,,y,,,,,,,
6639cf65c521b3f2ad611509,,,,,,y,,,,,,,
6639cf66c521b3f2ad61150b,,,,,,y,2 round,,,,,,
6639cf77c521b3f2ad61151b,,,,,,y,,,,,,,
6639cf7bc521b3f2ad61151f,,,,,,y,,,,,,,
6639cf82c521b3f2ad611525,,,,,,y,,,,,,,
6639d0032aa97d8b88806021,,,,,,y,,,,,,,
6639d00c2aa97d8b88806029,,,,,,y,,,,,,,
6639d0142aa97d8b88806031,,,,,,y,,,,,,,
6639d02d2aa97d8b88806049,,,,,,y,,,,,,,
6639c6e84c771c093141cbd8,,,,,,y,,,,,,,
6639c7344c771c093141cc20,,,,,,n,k co link,,,,,,
6639cec6c521b3f2ad611479,,,,,,y,Luật dates đặt biệt,,,,,,
6639ceccc521b3f2ad61147f,,,,,,y,,,,,,,
6639cefac521b3f2ad6114a9,,,,,,y,,,,,,,
6639cf28c521b3f2ad6114d1,,,,,,y,,,,,,,
6639cf30c521b3f2ad6114d7,,,,,,y,,,,,,,
6639cf69c521b3f2ad61150d,,,,,,y,,,,,,,
6639cf86c521b3f2ad611529,,,,,,y,,,,,,,
6639cff62aa97d8b88806015,,,,,,y,,,,,,,
6639cfff2aa97d8b8880601d,,,,,,y,,,,,,,
6639d01c2aa97d8b88806039,,,,,,y,,,,,,,
6639d0202aa97d8b8880603d,,,,,,y,,,,,,,
6639d0272aa97d8b88806043,,,,,,y,,,,,,,
6639c6bc4c771c093141cbb0,,,,,,y,,,,,,,
6639c6c04c771c093141cbb4,,,,,,y,,,,,,,
6639c6c44c771c093141cbb8,,,,,,y,,,,,,,
6639c6f04c771c093141cbe0,,,,,,y,,,,,,,
6639c6f44c771c093141cbe4,,,,,,n,k co link,,,,,,
6639c6fa4c771c093141cbea,,,,,,n,nam 22,,,,,,
6639c7084c771c093141cbf8,,,,,,y,,,,,,,
6639c7144c771c093141cc02,,,,,,y,,,,,,,
6639c7384c771c093141cc24,,,,,,y,,,,,,,
6639c73c4c771c093141cc28,,,,,,n,nam 22,,,,,,
6639c73e4c771c093141cc2a,,,,,,y,,,,,,,
6639cecac521b3f2ad61147d,,,,,,y,,,,,,,
6639ced2c521b3f2ad611485,,,,,,y,,,,,,,
6639ced6c521b3f2ad611489,,,,,,y,,,,,,,
6639cefdc521b3f2ad6114ab,,,,,,n,k co link,,,,,,
6639cf48c521b3f2ad6114ed,,,,,,y,,,,,,,
6639cf71c521b3f2ad611515,,,,,,y,location từ ảnh,,,,,,
6639cff42aa97d8b88806013,,,,,,y,,,,,,,
6639cffd2aa97d8b8880601b,,,,,,y,,,,,,,
6639d0012aa97d8b8880601f,,,,,,y,,,,,,,
6639d00e2aa97d8b8880602b,,,,,,y,,,,,,,
6639d0102aa97d8b8880602d,,,,,,y,,,,,,,
6639d0322aa97d8b8880604f,,,,,,y,,,,,,,
6639d02f2aa97d8b8880604b,,,,,,y,,,,,,,
6639d03e2aa97d8b8880605b,,,,,,y,,,,,,,
6639d0312aa97d8b8880604d,,,,,,y,Luật dates đặt biệt,,,,,,
6639d0382aa97d8b88806055,,,,,,y,,,,,,,
6639d06a2aa97d8b88806083,,,,,,n,2018,,,,,,
6639d06c2aa97d8b88806085,,,,,,y,,,,,,,
6639d0882aa97d8b888060a1,,,,,,y,location từ ảnh,,,,,,
6639d0ab2aa97d8b888060c3,,,,,,y,,,,,,,
6639d0802aa97d8b88806099,,,,,,y,,,,,,,
6639d0932aa97d8b888060ab,,,,,,y,,,,,,,
6639d0a12aa97d8b888060b9,,,,,,y,,,,,,,
6639d0b32aa97d8b888060c9,,,,,,y,location từ ảnh,,,,,,
6639d0402aa97d8b8880605d,,,,,,y,"Luật dates đặt biệt, nhiều mùa",,,,,,
6639d04f2aa97d8b8880606b,,,,,,y,,,,,,,
6639d0512aa97d8b8880606d,,,,,,y,online conf với offline riêng,,,,,,
6639d0542aa97d8b8880606f,,,,,,y,,,,,,,
6639d05c2aa97d8b88806077,,,,,,y,,,,,,,
6639d0602aa97d8b8880607b,,,,,,y,,,,,,,
6639d0762aa97d8b8880608f,,,,,,y,,,,,,,
6639d07c2aa97d8b88806095,,,,,,y,,,,,,,
6639d0972aa97d8b888060af,,,,,,y,location trong ảnh,,,,,,
6639d0432aa97d8b8880605f,,,,,,y,,,,,,,
6639d0472aa97d8b88806063,,,,,,y,,,,,,,
6639d0482aa97d8b88806065,,,,,,y,,,,,,,
6639d04b2aa97d8b88806067,,,,,,y,location trong ảnh,,,,,,
6639d0562aa97d8b88806071,,,,,,n,nam 22,,,,,,
6639d05e2aa97d8b88806079,,,,,,y,,,,,,,
6639d06e2aa97d8b88806087,,,,,,y,,,,,,,
6639d09b2aa97d8b888060b3,,,,,,y,location trong ảnh,,,,,,
6639d09d2aa97d8b888060b5,,,,,,y,,,,,,,
6639d0ad2aa97d8b888060c5,,,,,,n,nam 22,,,,,,
6639d0352aa97d8b88806051,,,,,,n,nam 22,,,,,,
6639d03c2aa97d8b88806059,,,,,,y,,,,,,,
6639d0442aa97d8b88806061,,,,,,y,,,,,,,
6639d0372aa97d8b88806053,,,,,,y,,,,,,,
6639d03a2aa97d8b88806057,,,,,,y,Luật chỗ này đặt biệt,,,,,,
6639d04d2aa97d8b88806069,,,,,,y,,,,,,,
6639d0582aa97d8b88806073,,,,,,y,Sub t lấy nguyên cụm Technical Paper/Tutorial Proposals/PhD Symposium Paper due,,,,,,
6639d05a2aa97d8b88806075,,,,,,y,,,,,,,
6639d0672aa97d8b88806081,,,,,,y,,,,,,,
6639d0722aa97d8b8880608b,,,,,,y,"Luật dates đặt biệt, nhiều location",,,,,,
6639d08a2aa97d8b888060a3,,,,,,y,,,,,,,
6639d08d2aa97d8b888060a5,,,,,,y,"Luật dates đặt biệt, nhiều 2 cycle",,,,,,
6639d08f2aa97d8b888060a7,,,,,,y,,,,,,,
6639d0952aa97d8b888060ad,,,,,,y,,,,,,,
6639d0992aa97d8b888060b1,,,,,,y,,,,,,,
6639d0622aa97d8b8880607d,,,,,,y,,,,,,,
6639d07a2aa97d8b88806093,,,,,,y,,,,,,,
6639d0842aa97d8b8880609d,,,,,,y,,,,,,,
6639d0a32aa97d8b888060bb,,,,,,y,,,,,,,
6639d0652aa97d8b8880607f,,,,,,y,location từ ảnh,,,,,,
6639d07e2aa97d8b88806097,,,,,,y,,,,,,,
6639d0862aa97d8b8880609f,,,,,,y,,,,,,,
6639d09f2aa97d8b888060b7,,,,,,y,,,,,,,
6639d0a52aa97d8b888060bd,,,,,,y,,,,,,,
6639d0a92aa97d8b888060c1,,,,,,y,,,,,,,
6639d0702aa97d8b88806089,,,,,,y,,,,,,,
6639d0742aa97d8b8880608d,https://sites.google.com/view/iciap-2023,,,,,y,,,,,,,
6639d0782aa97d8b88806091,,,,,,y,,,,,,,
6639d0822aa97d8b8880609b,,,,,,y,,,,,,,
6639d0912aa97d8b888060a9,,,,,,y,,,,,,,
6639d0a72aa97d8b888060bf,,,,,,n,,,,,,,
6639d0b12aa97d8b888060c7,,,,,,y,,,,,,,
6639d0bb2aa97d8b888060d1,,,,,,y,,,,,,,
6639d0b72aa97d8b888060cd,,,,,,y,,,,,,,
6639d126387369a8970585f3,,,,,,y,,,,,,,
6639d12a387369a8970585f7,,,,,,y,,,,,,,
6639d131387369a8970585fd,,,,,,y,,,,,,,
6639d14c387369a897058619,https://sse.sysu.edu.cn/icnc2024/,,,,,n,link k load dc,,,,,,
6639d162387369a89705862f,https://ieee-cybermatics.org/2023/icpads/cfp.php,,,,,n,link die,,,,,,
6639d166387369a897058633,,,,,,y,,,,,,,
6639d168387369a897058635,,,,,,y,,,,,,,
6639d17c387369a897058645,,,,,,y,,,,,,,
6639d182387369a89705864b,,,,,,y,,,,,,,
6639d196387369a89705865f,,,,,,y,,,,,,,
6639d1aa387369a897058673,,,,,,y,,,,,,,
6639d1c6387369a89705868f,,,,,,y,,,,,,,
6639d3928fb9939b82bceb47,,,,,,n,k co link,,,,,,
6639d39c8fb9939b82bceb51,,,,,,y,,,,,,,
6639d3a18fb9939b82bceb55,,,,,,y,,,,,,,
6639d3a78fb9939b82bceb5b,,,,,,y,,,,,,,
6639d3b08fb9939b82bceb63,,,,,,n,k co link,,,,,,
6639d3bb8fb9939b82bceb6b,,,,,,y,,,,,,,
6639d3bf8fb9939b82bceb6f,,,,,,y,,,,,,,
6639d3c98fb9939b82bceb77,,,,,,y,,,,,,,
6639d3cd8fb9939b82bceb7b,,,,,,y,,,,,,,
6639d3e98fb9939b82bceb93,,,,,,y,,,,,,,
6639d4e04fd45eb8c2e67050,,,,,,y,,,,,,,
6639d4f14fd45eb8c2e6705e,,,,,,y,,,,,,,
6639d4f74fd45eb8c2e67062,,,,,,y,,,,,,,
6639d4f94fd45eb8c2e67064,,,,,,n,k co link,,,,,,
6639d5064fd45eb8c2e67070,,,,,,y,,,,,,,
6639d51c4fd45eb8c2e67082,,,,,,y,,,,,,,
6639d5234fd45eb8c2e67088,,,,,,y,,,,,,,
6639d53a4fd45eb8c2e6709a,,,,,,y,,,,,,,
6639d53c4fd45eb8c2e6709c,,,,,,y,,,,,,,
6639d5414fd45eb8c2e670a0,,,,,,n,k co link,,,,,,
6639d55d4fd45eb8c2e670b8,,,,,,y,,,,,,,
6639d55f4fd45eb8c2e670ba,,,,,,y,,,,,,,
6639d5644fd45eb8c2e670be,,,,,,y,,,,,,,
6639d5664fd45eb8c2e670c0,,,,,,y,,,,,,,
6639d5744fd45eb8c2e670ca,,,,,,y,,,,,,,
6639d5784fd45eb8c2e670ce,,,,,,y,,,,,,,
6639d59d4fd45eb8c2e670ee,,,,,,y,,,,,,,
6639d5bd4fd45eb8c2e67100,,,,,,y,,,,,,,
6639d5cb4fd45eb8c2e6710c,,,,,,y,,,,,,,
6639d6abb9c725a1d3ed3d9b,http://www.simulationaustralia.org.au/,,,,,n,link die,,,,,,
6639d6cbb9c725a1d3ed3dbb,,,,,,y,,,,,,,
6639d6d1b9c725a1d3ed3dc1,,,,,,y,,,,,,,
6639d6d3b9c725a1d3ed3dc3,,,,,,y,,,,,,,
6639d6e7b9c725a1d3ed3dd3,,,,,,y,,,,,,,
6639d6fbb9c725a1d3ed3de5,,,,,,y,,,,,,,
6639d733b9c725a1d3ed3e1b,,,,,,y,,,,,,,
6639d139387369a897058605,,,,,,y,,,,,,,
6639d145387369a897058611,,,,,,y,,,,,,,
6639d148387369a897058615,,,,,,y,,,,,,,
6639d150387369a89705861d,,,,,,y,,,,,,,
6639d16d387369a897058639,,,,,,y,,,,,,,
6639d179387369a897058643,,,,,,y,,,,,,,
6639d1a0387369a897058669,,,,,,n,k co link,,,,,,
6639d1bb387369a897058683,,,,,,y,,,,,,,
6639d1c5387369a89705868d,,,,,,y,,,,,,,
6639d32f8fb9939b82bceaf5,,,,,,y,,,,,,,
6639d33a8fb9939b82bceafd,,,,,,y,,,,,,,
6639d33c8fb9939b82bceaff,,,,,,y,,,,,,,
6639d3638fb9939b82bceb21,,,,,,n,k co link,,,,,,
6639d3728fb9939b82bceb2f,,,,,,y,,,,,,,
6639d3948fb9939b82bceb49,,,,,,y,,,,,,,
6639d39e8fb9939b82bceb53,,,,,,y,,,,,,,
6639d3bd8fb9939b82bceb6d,,,,,,y,,,,,,,
6639d3c28fb9939b82bceb71,,,,,,y,,,,,,,
6639d3db8fb9939b82bceb87,,,,,,y,,,,,,,
6639d3e38fb9939b82bceb8d,,,,,,y,,,,,,,
6639d3e58fb9939b82bceb8f,,,,,,y,,,,,,,
6639d3f28fb9939b82bceb9b,https://pervasivedisplays.org/2020/index.php/submissions/,,,,,n,link die,,,,,,
6639d4e94fd45eb8c2e67058,,,,,,y,,,,,,,
6639d4ef4fd45eb8c2e6705c,,,,,,y,,,,,,,
6639d50b4fd45eb8c2e67074,,,,,,y,,,,,,,
6639d5124fd45eb8c2e6707a,,,,,,y,,,,,,,
6639d5724fd45eb8c2e670c8,,,,,,y,,,,,,,
6639d58c4fd45eb8c2e670e0,,,,,,y,,,,,,,
6639d59f4fd45eb8c2e670f0,,,,,,y,,,,,,,
6639d699b9c725a1d3ed3d89,,,,,,y,,,,,,,
6639d6bdb9c725a1d3ed3dad,,,,,,y,,,,,,,
6639d6c1b9c725a1d3ed3db1,,,,,,y,,,,,,,
6639d6dab9c725a1d3ed3dc9,,,,,,y,,,,,,,
6639d6dfb9c725a1d3ed3dcd,,,,,,y,,,,,,,
6639d6f3b9c725a1d3ed3ddd,,,,,,y,,,,,,,
6639d707b9c725a1d3ed3df1,,,,,,y,,,,,,,
6639d725b9c725a1d3ed3e0d,,,,,,n,k co link,,,,,,
6639d72db9c725a1d3ed3e15,,,,,,y,,,,,,,
6639d116387369a8970585e3,,,,,,y,,,,,,,
6639d119387369a8970585e5,,,,,,y,,,,,,,
6639d120387369a8970585ed,,,,,,y,,,,,,,
6639d128387369a8970585f5,,,,,,y,,,,,,,
6639d135387369a897058601,,,,,,y,,,,,,,
6639d155387369a897058623,,,,,,y,,,,,,,
6639d164387369a897058631,,,,,,y,,,,,,,
6639d173387369a89705863d,,,,,,y,,,,,,,
6639d184387369a89705864d,,,,,,y,,,,,,,
6639d188387369a897058651,,,,,,y,,,,,,,
6639d19c387369a897058665,,,,,,y,,,,,,,
6639d19e387369a897058667,,,,,,y,,,,,,,
6639d1a2387369a89705866b,,,,,,y,,,,,,,
6639d1a4387369a89705866d,,,,,,y,,,,,,,
6639d1b5387369a89705867d,,,,,,y,,,,,,,
6639d1bf387369a897058687,,,,,,y,,,,,,,
6639d1c0387369a897058689,,,,,,y,,,,,,,
6639d1c8387369a897058691,,,,,,y,,,,,,,
6639d3408fb9939b82bceb03,,,,,,y,,,,,,,
6639d3428fb9939b82bceb05,,,,,,y,,,,,,,
6639d3468fb9939b82bceb09,,,,,,y,,,,,,,
6639d3508fb9939b82bceb11,,,,,,y,,,,,,,
6639d35e8fb9939b82bceb1d,,,,,,y,2025 ch cap nhat ngay,,,,,,
6639d38b8fb9939b82bceb41,,,,,,y,,,,,,,
6639d39a8fb9939b82bceb4f,,,,,,y,,,,,,,
6639d3a58fb9939b82bceb59,,,,,,y,,,,,,,
6639d3b68fb9939b82bceb67,,,,,,y,,,,,,,
6639d3c68fb9939b82bceb75,,,,,,y,,,,,,,
6639d3f78fb9939b82bceb9f,,,,,,y,,,,,,,
6639d3fc8fb9939b82bceba3,,,,,,y,,,,,,,
6639d4008fb9939b82bceba7,,,,,,y,,,,,,,
6639d4048fb9939b82bcebab,,,,,,n,chỉ co link 2021,,,,,,
6639d4078fb9939b82bcebad,,,,,,n,k co link,,,,,,
6639d4d74fd45eb8c2e6704a,,,,,,y,,,,,,,
6639d50e4fd45eb8c2e67076,https://critis2024.uniroma3.it/,,,,,n,link die,,,,,,
6639d5104fd45eb8c2e67078,,,,,,y,,,,,,,
6639d52a4fd45eb8c2e6708e,,,,,,y,,,,,,,
6639d5324fd45eb8c2e67094,,,,,,y,,,,,,,
6639d5764fd45eb8c2e670cc,,,,,,y,,,,,,,
6639d5814fd45eb8c2e670d6,,,,,,y,,,,,,,
6639d5894fd45eb8c2e670de,,,,,,y,k tìm thấy dates,,,,,,
6639d5944fd45eb8c2e670e6,,,,,,y,,,,,,,
6639d5a24fd45eb8c2e670f2,,,,,,y,,,,,,,
6639d5c14fd45eb8c2e67104,,,,,,y,,,,,,,
6639d6c3b9c725a1d3ed3db3,,,,,,y,,,,,,,
6639d6e9b9c725a1d3ed3dd5,,,,,,y,,,,,,,
6639d6efb9c725a1d3ed3dd9,,,,,,y,,,,,,,
6639d701b9c725a1d3ed3deb,,,,,,y,,,,,,,
6639d713b9c725a1d3ed3dfd,,,,,,y,,,,,,,
6639d11c387369a8970585e9,https://www.iclp24.utdallas.edu/call-for-papers/,,,,,y,,,,,,,
6639d0bd2aa97d8b888060d3,,,,,,y,,,,,,,
6639d11e387369a8970585eb,,,,,,y,,,,,,,
6639d146387369a897058613,,,,,,y,,,,,,,
6639d170387369a89705863b,,,,,,y,,,,,,,
6639d180387369a897058649,,,,,,y,,,,,,,
6639d186387369a89705864f,,,,,,y,,,,,,,
6639d198387369a897058661,,,,,,y,,,,,,,
6639d19a387369a897058663,,,,,,y,,,,,,,
6639d1b7387369a89705867f,,,,,,y,,,,,,,
6639d1bd387369a897058685,,,,,,n,k co link,,,,,,
6639d1c3387369a89705868b,,,,,,y,,,,,,,
6639d1ca387369a897058693,,,,,,y,,,,,,,
6639d1cf387369a897058697,,,,,,y,,,,,,,
6639d1d2387369a897058699,,,,,,y,,,,,,,
6639d1d3387369a89705869b,,,,,,y,,,,,,,
6639d3218fb9939b82bceae9,,,,,,n,k co link,,,,,,
6639d3248fb9939b82bceaeb,,,,,,y,,,,,,,
6639d32d8fb9939b82bceaf3,,,,,,y,,,,,,,
6639d3358fb9939b82bceaf9,,,,,,n,k co link,,,,,,
6639d3448fb9939b82bceb07,,,,,,y,,,,,,,
6639d34e8fb9939b82bceb0f,,,,,,y,,,,,,,
6639d3528fb9939b82bceb13,,,,,,y,,,,,,,
6639d3578fb9939b82bceb17,,,,,,n,chi co nam 22,,,,,,
6639d3598fb9939b82bceb19,,,,,,y,,,,,,,
6639d3678fb9939b82bceb25,,,,,,y,,,,,,,
6639d3878fb9939b82bceb3d,,,,,,y,,,,,,,
6639d3968fb9939b82bceb4b,,,,,,y,,,,,,,
6639d3ae8fb9939b82bceb61,,,,,,y,,,,,,,
6639d3b98fb9939b82bceb69,,,,,,y,,,,,,,
6639d3d48fb9939b82bceb81,,,,,,y,,,,,,,
6639d3d98fb9939b82bceb85,,,,,,y,,,,,,,
6639d3de8fb9939b82bceb89,,,,,,y,,,,,,,
6639d3e18fb9939b82bceb8b,,,,,,y,,,,,,,
6639d3e78fb9939b82bceb91,,,,,,y,,,,,,,
6639d3eb8fb9939b82bceb95,,,,,,n,chi co nam 22,,,,,,
6639d4da4fd45eb8c2e6704c,,,,,,y,,,,,,,
6639d4dd4fd45eb8c2e6704e,,,,,,y,,,,,,,
6639d4e74fd45eb8c2e67056,,,,,,y,,,,,,,
6639d4f44fd45eb8c2e67060,,,,,,y,,,,,,,
6639d5084fd45eb8c2e67072,,,,,,y,location de trong,,,,,,
6639d52d4fd45eb8c2e67090,,,,,,n,k co link,,,,,,
6639d5304fd45eb8c2e67092,,,,,,y,,,,,,,
6639d5474fd45eb8c2e670a6,,,,,,y,,,,,,,
6639d5544fd45eb8c2e670b0,,,,,,y,k co dates,,,,,,
6639d5594fd45eb8c2e670b4,,,,,,y,,,,,,,
6639d56b4fd45eb8c2e670c4,Chiều nay ,,,,,y,,,,,,,
6639d57f4fd45eb8c2e670d4,,,,,,n,Không tìm được link,,,,,,
6639d58f4fd45eb8c2e670e2,,,,,,n,"Tìm được link, nhưng không hiểu lắm nên không lấy được imp date",,,,,,
6639d5ba4fd45eb8c2e670fe,,,,,,y,,,,,,,
6639d5bf4fd45eb8c2e67102,,,,,,y,,,,,,,
6639d69bb9c725a1d3ed3d8b,,,,,,y,,,,,,,
6639d6a9b9c725a1d3ed3d99,,,,,,y,,,,,,,
6639d6bfb9c725a1d3ed3daf,,,,,,y,,,,,,,
6639d6e5b9c725a1d3ed3dd1,,,,,,y,,,,,,,
6639d6ebb9c725a1d3ed3dd7,,,,,,y,,,,,,,
6639d6f9b9c725a1d3ed3de3,,,,,,y,,,,,,,
6639d705b9c725a1d3ed3def,,,,,,y,Không load được site cfp,,,,,,
6639d711b9c725a1d3ed3dfb,,,,,,y,,,,,,,
6639d718b9c725a1d3ed3e01,,,,,,n,Không tìm được link,,,,,,
6639d71ab9c725a1d3ed3e03,,,,,,y,,,,,,,
6639d71eb9c725a1d3ed3e07,,,,,,y,,,,,,,
6639d73bb9c725a1d3ed3e23,,,,,,y,Không tìm được location,,,,,,
6639d0b52aa97d8b888060cb,,,,,,y,"Search không ra link, phải lấy từ một trang khác",,,,,,
6639d0c22aa97d8b888060d7,,,,,,y,,,,,,,
6639d12f387369a8970585fb,,,,,,y,,,,,,,
6639d13b387369a897058607,,,,,,y,cfp dạng txt,,,,,,
6639d13d387369a897058609,,,,,,y,,,,,,,
6639d141387369a89705860d,,,,,,y,,,,,,,
6639d142387369a89705860f,,,,,,y,,,,,,,
6639d14a387369a897058617,,,,,,y,,,,,,,
6639d152387369a89705861f,,,,,,y,,,,,,,
6639d15a387369a897058627,,,,,,n,Không tìm được link,,,,,,
6639d194387369a89705865d,,,,,,y,"Tìm được link từ wikicfp, chứ search không ra",,,,,,
6639d1ae387369a897058677,,,,,,y,,,,,,,
6639d1b1387369a897058679,,,,,,y,Có hybrid nhưng vẫn tính offline,,,,,,
6639d1f5387369a89705869f,,,,,,y,,,,,,,
6639d3288fb9939b82bceaef,,,,,,y,,,,,,,
6639d3498fb9939b82bceb0b,,,,,,n,Link tìm được không có đủ imp date,,,,,,
6639d34c8fb9939b82bceb0d,,,,,,y,Không đủ imp date,,,,,,
6639d3558fb9939b82bceb15,,,,,,y,,,,,,,
6639d3708fb9939b82bceb2d,,,,,,y,,,,,,,
6639d3778fb9939b82bceb33,,,,,,y,,,,,,,
6639d38d8fb9939b82bceb43,,,,,,y,,,,,,,
6639d3ac8fb9939b82bceb5f,,,,,,n,Link 2023 die,,,,,,
6639d4028fb9939b82bceba9,,,,,,y,,,,,,,
6639d4ec4fd45eb8c2e6705a,,,,,,y,"Link 2023, không đủ imp date",,,,,,
6639d4fe4fd45eb8c2e67068,,,,,,y,,,,,,,
6639d5004fd45eb8c2e6706a,,,,,,n,Không tìm thấy link,,,,,,
6639d5024fd45eb8c2e6706c,,,,,,y,,,,,,,
6639d5194fd45eb8c2e67080,,,,,,y,Phải vô home để lấy ngày extended,,,,,,
6639d5374fd45eb8c2e67098,,,,,,y,,,,,,,
6639d5524fd45eb8c2e670ae,,,,,,y,Luật chỗ này đặt biệt,,,,,,
6639d5834fd45eb8c2e670d8,,,,,,n,Không tìm thấy link,,,,,,
6639d5924fd45eb8c2e670e4,,,,,,y,Lấy năm 2022,,,,,,
6639d5ad4fd45eb8c2e670f8,,,,,,y,,,,,,,
6639d684b9c725a1d3ed3d77,,,,,,y,,,,,,,
6639d686b9c725a1d3ed3d79,,,,,,y,,,,,,,
6639d691b9c725a1d3ed3d83,,,,,,y,,,,,,,
6639d6b0b9c725a1d3ed3d9f,,,,,,y,,,,,,,
6639d6b9b9c725a1d3ed3da9,,,,,,y,,,,,,,
6639d6d8b9c725a1d3ed3dc7,,,,,,y,,,,,,,
6639d6f7b9c725a1d3ed3de1,,,,,,y,,,,,,,
6639d703b9c725a1d3ed3ded,,,,,,y,Không có important date,,,,,,
6639d70fb9c725a1d3ed3df9,,,,,,y,,,,,,,
6639d715b9c725a1d3ed3dff,,,,,,n,Không tìm thấy link,,,,,,
6639d727b9c725a1d3ed3e0f,,,,,,y,,,,,,,
6639d72bb9c725a1d3ed3e13,,,,,,y,,,,,,,
6639d730b9c725a1d3ed3e19,,,,,,y,,,,,,,
6639d737b9c725a1d3ed3e1f,,,,,,y,,,,,,,
6639d0c02aa97d8b888060d5,,,,,,y,,,,,,,
6639d0b92aa97d8b888060cf,,,,,,n,Không tìm thấy link,,,,,,
6639d111387369a8970585dd,,,,,,y,,,,,,,
6639d124387369a8970585f1,,,,,,y,,,,,,,
6639d14e387369a89705861b,,,,,,y,,,,,,,
6639d160387369a89705862d,,,,,,n,Tổ chức chung với mấy cái khác,,,,,,
6639d177387369a897058641,,,,,,y,,,,,,,
6639d1a9387369a897058671,,,,,,n,Có link 2023 nhưng mà nó lạ lắm,,,,,,
6639d1b3387369a89705867b,,,,,,y,,,,,,,
6639d1b9387369a897058681,,,,,,y,,,,,,,
6639d33e8fb9939b82bceb01,,,,,,y,,,,,,,
6639d35c8fb9939b82bceb1b,,,,,,y,Type = online nè,,,,,,
6639d3698fb9939b82bceb27,,,,,,n,Có link nhưng khác tên,,,,,,
6639d36b8fb9939b82bceb29,,,,,,y,Không có impt date,,,,,,
6639d37c8fb9939b82bceb37,,,,,,n,Có link 2023 nhưng die rồi,,,,,,
6639d3898fb9939b82bceb3f,,,,,,y,,,,,,,
6639d3a38fb9939b82bceb57,,,,,,y,,,,,,,
6639d3b38fb9939b82bceb65,,,,,,y,,,,,,,
6639d3c48fb9939b82bceb73,,,,,,y,,,,,,,
6639d3d18fb9939b82bceb7f,,,,,,y,,,,,,,
6639d3d78fb9939b82bceb83,,,,,,y,,,,,,,
6639d3f08fb9939b82bceb99,,,,,,y,,,,,,,
6639d4fb4fd45eb8c2e67066,,,,,,y,,,,,,,
6639d5214fd45eb8c2e67086,,,,,,n,"Không tìm được link, chỉ có năm 2020",,,,,,
6639d5354fd45eb8c2e67096,,,,,,y,,,,,,,
6639d5434fd45eb8c2e670a2,,,,,,y,,,,,,,
6639d54a4fd45eb8c2e670a8,,,,,,y,,,,,,,
6639d5564fd45eb8c2e670b2,,,,,,y,,,,,,,
6639d5614fd45eb8c2e670bc,,,,,,n,Không tìm được link,,,,,,
6639d56e4fd45eb8c2e670c6,,,,,,y,,,,,,,
6639d5984fd45eb8c2e670ea,,,,,,y,,,,,,,
6639d5c44fd45eb8c2e67106,,,,,,y,,,,,,,
6639d5c74fd45eb8c2e67108,,,,,,n,Không tìm được link,,,,,,
6639d5ce4fd45eb8c2e6710e,,,,,,y,,,,,,,
6639d68fb9c725a1d3ed3d81,,,,,,y,,,,,,,
6639d696b9c725a1d3ed3d87,,,,,,y,,,,,,,
6639d6a3b9c725a1d3ed3d93,,,,,,y,,,,,,,
6639d6a5b9c725a1d3ed3d95,,,,,,y,,,,,,,
6639d6b4b9c725a1d3ed3da3,,,,,,y,,,,,,,
6639d6b5b9c725a1d3ed3da5,,,,,,y,,,,,,,
6639d6b7b9c725a1d3ed3da7,,,,,,y,,,,,,,
6639d6bbb9c725a1d3ed3dab,,,,,,n,Không tìm được link,,,,,,
6639d6c5b9c725a1d3ed3db5,,,,,,y,Không tìm được các date,,,,,,
6639d6c9b9c725a1d3ed3db9,,,,,,y,,,,,,,
6639d6cfb9c725a1d3ed3dbf,,,,,,y,,,,,,,
6639d6d5b9c725a1d3ed3dc5,,,,,,y,,,,,,,
6639d6e1b9c725a1d3ed3dcf,,,,,,y,,,,,,,
6639d6f1b9c725a1d3ed3ddb,,,,,,y,,,,,,,
6639d6f5b9c725a1d3ed3ddf,,,,,,y,,,,,,,
6639d70cb9c725a1d3ed3df7,,,,,,y,,,,,,,
6639d721b9c725a1d3ed3e09,,,,,,n,Không tìm được link,,,,,,
6639d729b9c725a1d3ed3e11,,,,,,y,,,,,,,
6639d73ab9c725a1d3ed3e21,,,,,,n,Có link trùng title nhưng khác tên viết tắt,,,,,,
6639d10e387369a8970585db,,,,,,y,,,,,,,
6639d112387369a8970585df,,,,,,y,,,,,,,
6639d11a387369a8970585e7,,,,,,y,,,,,,,
6639d133387369a8970585ff,,,,,,y,,,,,,,
6639d137387369a897058603,,,,,,y,,,,,,,
6639d154387369a897058621,,,,,,y,,,,,,,
6639d158387369a897058625,,,,,,y,Location lấy từ ảnh,,,,,,
6639d17e387369a897058647,,,,,,y,,,,,,,
6639d18b387369a897058655,,,,,,y,,,,,,,
6639d18d387369a897058657,,,,,,y,,,,,,,
6639d1a6387369a89705866f,,,,,,y,,,,,,,
6639d3328fb9939b82bceaf7,,,,,,y,,,,,,,
6639d3658fb9939b82bceb23,,,,,,y,,,,,,,
6639d36e8fb9939b82bceb2b,,,,,,y,,,,,,,
6639d3748fb9939b82bceb31,,,,,,y,,,,,,,
6639d3798fb9939b82bceb35,,,,,,y,conf date trong ảnh,,,,,,
6639d3aa8fb9939b82bceb5d,,,,,,y,,,,,,,
6639d3cb8fb9939b82bceb79,,,,,,y,Định dạng date độc lạ,,,,,,
6639d3cf8fb9939b82bceb7d,,,,,,y,,,,,,,
6639d3ed8fb9939b82bceb97,,,,,,y,,,,,,,
6639d3f48fb9939b82bceb9d,,,,,,y,,,,,,,
6639d3fa8fb9939b82bceba1,,,,,,y,,,,,,,
6639d3fe8fb9939b82bceba5,,,,,,y,,,,,,,
6639d4e24fd45eb8c2e67052,,,,,,y,,,,,,,
6639d4e54fd45eb8c2e67054,,,,,,y,,,,,,,
6639d5044fd45eb8c2e6706e,,,,,,n,Không tìm được link,,,,,,
6639d5144fd45eb8c2e6707c,,,,,,y,,,,,,,
6639d5174fd45eb8c2e6707e,,,,,,y,,,,,,,
6639d51e4fd45eb8c2e67084,,,,,,n,Không tìm được link,,,,,,
6639d5254fd45eb8c2e6708a,,,,,,y,,,,,,,
6639d53e4fd45eb8c2e6709e,,,,,,n,Không tìm được link,,,,,,
6639d54f4fd45eb8c2e670ac,,,,,,y,,,,,,,
6639d5694fd45eb8c2e670c2,,,,,,y,,,,,,,
6639d57a4fd45eb8c2e670d0,,,,,,y,Không tìm được imp date,,,,,,
6639d57d4fd45eb8c2e670d2,,,,,,y,,,,,,,
6639d5854fd45eb8c2e670da,,,,,,y,,,,,,,
6639d5964fd45eb8c2e670e8,,,,,,n,Không load được link,,,,,,
6639d5b14fd45eb8c2e670fa,,,,,,y,,,,,,,
6639d682b9c725a1d3ed3d75,,,,,,y,,,,,,,
6639d688b9c725a1d3ed3d7b,,,,,,y,,,,,,,
6639d68ab9c725a1d3ed3d7d,,,,,,y,,,,,,,
6639d68db9c725a1d3ed3d7f,,,,,,y,,,,,,,
6639d694b9c725a1d3ed3d85,,,,,,y,,,,,,,
6639d69db9c725a1d3ed3d8d,,,,,,y,,,,,,,
6639d6a7b9c725a1d3ed3d97,,,,,,n,"Tìm được link, nhưng cần giải cứu",,,,,,
6639d6adb9c725a1d3ed3d9d,,,,,,y,Không chắc chắn,,,,,,
6639d6b1b9c725a1d3ed3da1,,,,,,n,Không tìm được link,,,,,,
6639d6ddb9c725a1d3ed3dcb,,,,,,y,,,,,,,
6639d708b9c725a1d3ed3df3,,,,,,y,,,,,,,
6639d70ab9c725a1d3ed3df5,,,,,,y,,,,,,,
6639d71cb9c725a1d3ed3e05,,,,,,y,,,,,,,
6639d72fb9c725a1d3ed3e17,,,,,,y,,,,,,,
6639d114387369a8970585e1,,,,,,n,Không tìm được link,,,,,,
6639d122387369a8970585ef,,,,,,y,,,,,,,
6639d12c387369a8970585f9,,,,,,y,,,,,,,
6639d13e387369a89705860b,,,,,,n,Không tìm được link,,,,,,
6639d15c387369a897058629,,,,,,n,Không tìm được link,,,,,,
6639d15e387369a89705862b,,,,,,n,Không tìm được link,,,,,,
6639d16b387369a897058637,,,,,,y,,,,,,,
6639d176387369a89705863f,,,,,,y,,,,,,,
6639d18a387369a897058653,,,,,,y,,,,,,,
6639d18f387369a897058659,,,,,,y,,,,,,,
6639d192387369a89705865b,,,,,,y,,,,,,,
6639d1ac387369a897058675,,,,,,y,,,,,,,
6639d1cd387369a897058695,,,,,,y,,,,,,,
6639d3268fb9939b82bceaed,,,,,,y,,,,,,,
6639d32b8fb9939b82bceaf1,,,,,,y,,,,,,,
6639d3378fb9939b82bceafb,,,,,,y,,,,,,,
6639d3618fb9939b82bceb1f,,,,,,y,,,,,,,
6639d3808fb9939b82bceb39,,,,,,y,,,,,,,
6639d3838fb9939b82bceb3b,,,,,,y,,,,,,,
6639d3908fb9939b82bceb45,,,,,,y,,,,,,,
6639d3988fb9939b82bceb4d,,,,,,y,,,,,,,
6639d5284fd45eb8c2e6708c,,,,,,y,,,,,,,
6639d5454fd45eb8c2e670a4,,,,,,y,,,,,,,
6639d54c4fd45eb8c2e670aa,,,,,,y,,,,,,,
6639d55b4fd45eb8c2e670b6,,,,,,y,,,,,,,
6639d5874fd45eb8c2e670dc,,,,,,y,,,,,,,
6639d59a4fd45eb8c2e670ec,,,,,,y,,,,,,,
6639d5a74fd45eb8c2e670f4,,,,,,y,,,,,,,
6639d5aa4fd45eb8c2e670f6,,,,,,y,,,,,,,
6639d5b54fd45eb8c2e670fc,,,,,,y,,,,,,,
6639d5c94fd45eb8c2e6710a,,,,,,y,,,,,,,
6639d67fb9c725a1d3ed3d73,,,,,,n,Link die,,,,,,
6639d69fb9c725a1d3ed3d8f,,,,,,y,,,,,,,
6639d6a1b9c725a1d3ed3d91,,,,,,y,,,,,,,
6639d6c7b9c725a1d3ed3db7,,,,,,y,,,,,,,
6639d6cdb9c725a1d3ed3dbd,,,,,,y,,,,,,,
6639d6fdb9c725a1d3ed3de7,,,,,,y,,,,,,,
6639d6ffb9c725a1d3ed3de9,,,,,,n,Link die,,,,,,
6639d723b9c725a1d3ed3e0b,,,,,,y,,,,,,,
6639d735b9c725a1d3ed3e1d,,,,,,y,,,,,,,